"name","activeMemberCount","member_count_group"
"RaidGuild","153","101-200"
"Raid Guidl Cookie Jar","110","101-200"
"Raid Brood Beer DAO","100","51-100"
"RaidGuild Season 6 Cohort","64","51-100"
"Kokonut DAO","61","51-100"
"depracatedDAO","59","51-100"
"Free Ryder DAO","33","16-50"
"Free Ryder Curatoooors","31","16-50"
"Wgmi v2","22","16-50"
"Daocemberists","22","16-50"
"ELI 5 DAO (Cloned)","21","16-50"
"Foamies 4 the Homies","19","16-50"
"Cohort 3 DAOHaus Test Run DAO Club","15","6-15"
"ELI5 DAO: Epoch 4","12","6-15"
"Gas Jar","11","6-15"
"Smart Invoice","11","6-15"
"V3 Launch to EthDenver 2023","10","6-15"
"CookieJar Yeet","9","6-15"
"Taxir","9","6-15"
"the r0ar foundation","8","6-15"
"ThursdayDAO","8","6-15"
"Silver Door","7","6-15"
"streak","6","6-15"
"The Damned Cutlass","5","1-5"
"Onboarder Test","5","1-5"
"Test Masons Project","5","1-5"
"Bison Narwhal","5","1-5"
"GorillaTest1DAO","5","1-5"
"Seneschal Testing DAO","4","1-5"
"Infinite Loop","4","1-5"
"Boot PublicHaus","4","1-5"
"InfraDAO","4","1-5"
"WIDE","4","1-5"
"TDAO Test","4","1-5"
"null","4","1-5"
"Elemental DAO (EthGlobal Tokyo)","4","1-5"
"EarthTones","4","1-5"
"Rite of Moloch","4","1-5"
"CharacterSheets Dev DAO - Gnosis Chain","4","1-5"
"SHORT","4","1-5"
"Project: Build DAO Masons","4","1-5"
"Build DAO Masons","4","1-5"
"10Apes","3","1-5"
"Cookin with Deke","3","1-5"
"WTF DAO","3","1-5"
"Dead on Arrival - DAO Reaper Hackathon","3","1-5"
"CoachChain Collective","3","1-5"
"Cookie Tester","3","1-5"
"MyDAO","3","1-5"
"Arcadia Foundation DAO","3","1-5"
"KLCC","3","1-5"
"ONB1","3","1-5"
"null","3","1-5"
"Example","3","1-5"
"Odyssy CTRL","3","1-5"
"Bootleggers","3","1-5"
"Typto Fork IX","2","1-5"
"GorillaTest3","2","1-5"
"Custom loot","2","1-5"
"SDPublic","2","1-5"
"test","2","1-5"
"Qatarsys DAO","2","1-5"
"Gnosis Builders Test","2","1-5"
"Adbongo Group LLC","2","1-5"
"ROM FE testing","2","1-5"
"Qatarsys DAO","2","1-5"
"Absurdist Accelerationists","2","1-5"
"prova","2","1-5"
"fine is fine","2","1-5"
"ChainSaw | Freelance Dev","2","1-5"
"Bref","2","1-5"
"Omnibridge Party","2","1-5"
"Hackathon Fund","2","1-5"
"Obserd DAO","2","1-5"
"SquanchDAO","2","1-5"
"Gno_DS_CE","2","1-5"
"TyptoT1202a","2","1-5"
"RadahEarth","2","1-5"
"Bref","2","1-5"
"PalestineDAO","2","1-5"
"Testing DAO","2","1-5"
"ChrDaoTest","2","1-5"
"DnD guild","2","1-5"
"RaidGuild Spring Brigade Finish-line","2","1-5"
"ECOnGOOD","1","1-5"
"test","1","1-5"
"Test Eduardo","1","1-5"
"TEST DAO","1","1-5"
"herson test","1","1-5"
"test DAO","1","1-5"
"Typto Fork XI","1","1-5"
"TestersDAO","1","1-5"
"ESDH Club ","1","1-5"
"Panaderia federico 2","1","1-5"
"Test 123","1","1-5"
"rockettest","1","1-5"
"DAO LIST","1","1-5"
"DBT DAO","1","1-5"
"Crypto Alienz","1","1-5"
"NFT Investment Fund DAO 0x21","1","1-5"
"The Revolution Will Be Live","1","1-5"
"PalestineDAO","1","1-5"
"Esteban DAO","1","1-5"
"MetaGamers Union","1","1-5"
"herson test","1","1-5"
"Test TDAO","1","1-5"
"Hack Packer","1","1-5"
"PrimerTest","1","1-5"
"RoM","1","1-5"
"Test","1","1-5"
"PlorDAO","1","1-5"
"TestMIDAO","1","1-5"
"Good Fatih Paradigm","1","1-5"
"Wind DAO","1","1-5"
"miDao","1","1-5"
"MAIA","1","1-5"
"testtesttest","1","1-5"
"Onboarder Test 2","1","1-5"
"TEST","1","1-5"
"Fart Rocket DAO","1","1-5"
"Bicis Almozara","1","1-5"
"Laboratorio","1","1-5"
"420blazeit nugs n rugs","1","1-5"
"Test1","1","1-5"
"SQUAD","1","1-5"
"Test","1","1-5"
"IranDAO","1","1-5"
"EthDenver Demo DAO","1","1-5"
"BabyBaalDAO","1","1-5"
"Ax√© DAO","1","1-5"
"Mercurydao","1","1-5"
"test","1","1-5"
"My DAO","1","1-5"
"stable DAO","1","1-5"
"Sugar Skulls","1","1-5"
"Green Founders","1","1-5"
"Churriana","1","1-5"
"DAO Oscar","1","1-5"
"ONB","1","1-5"
"FunWithFlags","1","1-5"
"Test_1","1","1-5"
"DAO Test ","1","1-5"
"t2","1","1-5"
"t1","1","1-5"
"PalestineDAO","1","1-5"
"Summon","1","1-5"
"GLD-DAO","1","1-5"
"Cookiev1","1","1-5"
"DailyDAO","1","1-5"
"DAO new","1","1-5"
"Sugar Skulls","1","1-5"
"Masterthesis","1","1-5"
"DAOYas","1","1-5"
"Agoraea","1","1-5"
"test","1","1-5"
"TEST ELI5 DAO","1","1-5"
"card","1","1-5"
"Matts DAO","1","1-5"
"Adbongo","0","0"
"OneTree","0","0"
"OneTree","0","0"
"Rad Dad Lads :: ETH DENVER 2023","0","0"